Runtimes,CPUsage,functions
0.001197,-1.267,min
0.000951,5.553,max
0.001386,0.0,mean
0.001929,2.227,median
0.001365,0.667,std
